<?xml version="1.0" encoding="UTF-8"?>
<project-private xmlns="http://www.netbeans.org/ns/project-private/1">
    <editor-bookmarks xmlns="http://www.netbeans.org/ns/editor-bookmarks/2" lastBookmarkId="0"/>
    <open-files xmlns="http://www.netbeans.org/ns/projectui-open-files/2">
        <group>
            <file>file:/N:/Year%202/CA1/createVehicleForm.php</file>
            <file>file:/N:/Year%202/CA1/home.php</file>
            <file>file:/N:/Year%202/CA1/Vehicle.php</file>
            <file>file:/N:/Year%202/CA1/createVehicle.php</file>
            <file>file:/N:/Year%202/CA1/index.php</file>
            <file>file:/N:/Year%202/CA1/User.php</file>
            <file>file:/N:/Year%202/CA1/checkRegister.php</file>
            <file>file:/N:/Year%202/CA1/checkLogin.php</file>
            <file>file:/N:/Year%202/CA1/register.php</file>
        </group>
    </open-files>
</project-private>
